url,category,created_on,done
"https://www.awsadvent.com/2016/12/06/just-add-code-fun-with-terraform-modules-and-aws/","tutorial","2017-06-11T00:36:13.696Z","0"
"https://labs.kollegorna.se/blog/2017/06/service-worker-gotchas/","javascript","2017-06-26T20:59:05.563Z","0"
"https://github.com/tockins/realize","github","2017-06-26T21:07:51.453Z","0"
"https://dev.to/klnusbaum/why-im-so-frustrated-withgo","coding","2017-06-26T21:17:44.305Z","1"
"https://github.com/ecrmnn/collect.js","javascript","2017-06-26T21:23:55.573Z","0"
"http://www.react-flight.io/","javascript","2017-06-26T21:25:31.407Z","0"
"https://github.com/transceptor-technology/siridb-server","coding","2017-06-26T21:27:14.306Z","1"
"http://www.thegeekstuff.com/2017/06/git-branch/","coding","2017-06-26T21:39:58.684Z","1"
"https://www.sitepoint.com/web-animation-tutorial-part-1/","javascript","2017-06-29T06:26:21.304Z","0"
"https://www.sitepoint.com/switching-from-react-to-cycle-js/","javascript","2017-06-29T06:26:27.820Z","0"
"https://medium.com/@Zadvorsky/into-vertex-shaders-594e6d8cd804","javascript","2017-06-29T21:11:27.396Z","0"
"https://www.codementor.io/radubrehar/thinking-in-react-8duata34n","javascript","2017-06-29T21:11:43.745Z","1"
"https://hackernoon.com/machine-learning-with-javascript-part-1-9b97f3ed4fe5","javascript","2017-06-29T21:11:50.039Z","0"
"https://gokit.io/examples/stringsvc.html","coding","2017-06-29T21:12:36.781Z","1"
"https://www.codementor.io/vijayst/using-firebase-with-redux-for-building-a-react-app-du1086puw","javascript","2017-06-29T21:13:37.852Z","0"
"https://medium.freecodecamp.org/node-js-streams-everything-you-need-to-know-c9141306be93","javascript","2017-06-29T21:14:45.688Z","0"
"https://hacks.mozilla.org/2017/06/introducing-filterbubbler-a-webextension-built-using-reactredux/","javascript","2017-06-29T21:15:04.004Z","0"
"https://hackernoon.com/build-a-serverless-twilio-sms-call-forwarding-bot-in-7-minutes-using-node-js-stdlib-411697c3cc1b","javascript","2017-06-29T21:15:25.363Z","0"
"https://www.sitepoint.com/redux-vs-mobx-which-is-best/","javascript","2017-06-29T21:15:34.824Z","0"
"https://www.sitepoint.com/browser-notification-api/","javascript","2017-06-29T21:16:11.984Z","0"
"https://medium.freecodecamp.org/a-gentle-introduction-to-data-structures-how-graphs-work-a223d9ef8837","javascript","2017-06-29T21:16:37.470Z","0"
"https://www.opsdash.com/blog/golang-app-monitoring-statsd-expvar-prometheus.html","coding","2017-06-30T14:22:08.632Z","0"
"http://idiomaticgo.com/post/best-practice/accept-interfaces-return-structs/","coding","2017-06-30T14:22:52.379Z","1"
"https://arschles.svbtle.com/why-tech-startups-should-look-at-go-ii","coding","2017-06-30T14:30:51.827Z","1"
"https://github.com/anywhichway/blockstore","github","2017-06-30T14:55:35.453Z","0"
"https://medium.com/slack-developer-blog/building-a-sentiment-analysis-bot-with-ibm-watson-and-raspberry-pi-eeb399bb8803","coding","2017-06-30T16:48:04.648Z","0"
"https://auth0.com/blog/build-a-chat-app-with-react/","javascript","2017-06-30T23:26:27.578Z","1"
"https://redom.js.org/documentation/","javascript","2017-06-30T23:38:18.812Z","0"
"https://github.com/lukeed/taskr","github","2017-06-30T23:42:07.183Z","0"
"https://github.com/volatiletech/abcweb","github","2017-07-01T01:19:19.556Z","0"
"https://github.com/chewxy/gorgonia","github","2017-07-01T17:31:42.320Z","0"
"https://github.com/karan/vocabulary","github","2017-07-01T17:31:48.842Z","0"
"https://golangbot.com/interfaces-part-2/","coding","2017-07-01T17:32:27.983Z","1"
"https://github.com/json-iterator/go","github","2017-07-01T17:33:21.781Z","0"
"https://www.zupzup.org/static-blog-generator-go/index.html","coding","2017-07-01T17:33:44.781Z","1"
"https://dave.cheney.net/2017/06/11/go-without-package-scoped-variables","coding","2017-07-01T17:34:11.300Z","0"
"https://github.com/octohedron/gauth","github","2017-07-01T17:37:17.528Z","0"
"https://semaphoreci.com/community/tutorials/building-and-testing-a-rest-api-in-go-with-gorilla-mux-and-postgresql","coding","2017-07-02T00:26:34.107Z","1"
"https://github.com/nytimes/gizmo","github","2017-07-02T01:02:54.531Z","0"
"https://astaxie.gitbooks.io/build-web-application-with-golang/content/en/07.2.html","coding","2017-07-02T01:15:34.950Z","1"
"https://www.robinwieruch.de/redux-mobx-confusion/","javascript","2017-07-02T01:16:18.531Z","0"
"https://medium.com/@PurdonKyle/building-a-unit-testable-api-in-golang-b42ff1fcbae7","coding","2017-07-02T01:24:01.563Z","1"
"https://btrfs.wiki.kernel.org/index.php/Using_Btrfs_with_Multiple_Devices","tutorial","2017-07-02T01:40:28.552Z","0"
"https://medium.com/@jmarhee/building-an-object-storage-service-ecd771d91483","tutorial","2017-07-02T01:57:22.441Z","0"
"https://github.com/ryanbressler/CloudForest","github","2017-07-02T02:28:47.858Z","0"
"https://github.com/gdm85/grpc-go-multiplex","github","2017-07-02T03:29:15.349Z","0"
"http://www.grpc.io/docs/quickstart/go.html","tutorial","2017-07-02T03:38:01.420Z","0"
"https://github.com/azu/immutable-array-prototype","github","2017-07-02T18:21:47.662Z","0"
"https://github.com/jaredpalmer/formik","github","2017-07-03T03:14:09.951Z","0"
"https://github.com/zero-plus-x/neoform","github","2017-07-03T15:04:18.751Z","0"
"https://github.com/VividCortex/pm","github","2017-07-04T10:49:00.727Z","0"
"https://github.com/Jimmy02020/aleppo","github","2017-07-04T11:00:45.586Z","0"
"https://github.com/yhat/scrape","github","2017-07-04T18:12:43.710Z","0"
"https://blog.gopheracademy.com/advent-2016/http-client/","coding","2017-07-05T16:08:14.247Z","0"
"https://blog.gopheracademy.com/advent-2015/vendor-folder/","coding","2017-07-05T16:09:14.738Z","1"
"https://blog.gopheracademy.com/advent-2016/some-tools-for-go-that-you-might-not-know-yet/","coding","2017-07-05T16:09:31.244Z","1"
"https://blog.gopheracademy.com/advent-2015/glow-map-reduce-for-golang/","coding","2017-07-05T16:09:38.186Z","0"
"https://blog.gopheracademy.com/advent-2016/advanced-encoding-decoding/","coding","2017-07-05T16:09:43.801Z","0"
"https://blog.gopheracademy.com/advent-2016/machine-learning-google-prediction-api/","coding","2017-07-05T16:09:48.566Z","0"
"https://blog.risingstack.com/mastering-async-await-in-nodejs/","javascript","2017-07-05T19:56:01.385Z","0"
"https://github.com/paularmstrong/normalizr","github","2017-07-05T19:56:47.196Z","0"
"https://medium.com/@SylvainPV/type-safety-in-javascript-using-es6-proxies-eee8fbbbd600","javascript","2017-07-05T20:06:43.016Z","0"
"https://reactrocket.com/post/react-redux-optimization/","javascript","2017-07-06T01:27:46.339Z","0"
"https://github.com/hyperapp/hyperapp","github","2017-07-06T01:34:39.476Z","0"
"https://blog.haschek.at/post/f2fda","tutorial","2017-07-06T06:50:16.950Z","0"
"https://github.com/nypublicradio/audiogram","github","2017-07-06T15:03:42.836Z","0"
"https://www.jstwister.com/post/unit-testing-beginners-guide-mock-http-and-files/","javascript","2017-07-06T15:14:36.558Z","0"
"https://medium.com/agrea-technogies/mocking-dependencies-in-go-bb9739fef008","coding","2017-07-06T22:22:08.470Z","0"
"https://blog.minio.io/golang-internals-part-2-nice-benefits-of-named-return-values-1e95305c8687","coding","2017-07-06T22:22:14.123Z","0"
"https://github.com/luisvinicius167/dutier","github","2017-07-06T22:32:11.778Z","0"
"https://www.celljs.org/","tutorial","2017-07-06T22:36:58.409Z","0"
"https://blog.clubhouse.io/going-mobile-with-react-native-891e1a602465","javascript","2017-07-08T01:15:00.154Z","0"
"https://github.com/kumailht/gridforms","github","2017-07-08T16:18:26.748Z","0"
"https://github.com/alonronin/mockingoose","javascript","2017-07-11T14:36:18.382Z","0"
